Insurance_company,Cost_of_vehicle,Min_coverage,Max_coverage,Condition,Expiry_year,Expiry_month,Expiry_day,Amount
BQ,41500.0,1037.5,36142.68,0,2026,12,3,0.0
BQ,50700.0,1267.5,12753.0,1,2025,7,10,6194.0
A,49500.0,1237.5,43102.68,0,2022,8,11,0.0
A,33500.0,837.5,8453.0,1,2022,8,2,7699.0
AC,27600.0,690.0,6978.0,1,2026,5,1,8849.0
AC,50700.0,1267.5,12753.0,1,2026,8,7,253.0
AC,53200.0,1330.0,13378.0,1,2028,1,12,4013.0
BC,35700.0,892.5,9003.0,1,2027,11,16,2228.0
BB,48200.0,1205.0,12128.0,1,2024,9,4,6384.0
DA,23100.0,577.5,5853.0,1,2023,6,8,9634.0
C,30100.0,752.5,7603.0,1,2026,9,20,2435.0
O,33700.0,842.5,8503.0,1,2028,1,13,2812.0
BC,44500.0,1112.5,11203.0,1,2026,3,9,8826.0
BQ,51500.0,1287.5,12953.0,1,2027,3,27,5805.0
AC,23900.0,597.5,20830.68,0,2024,11,17,0.0
AC,51000.0,1275.0,44407.68,0,2025,12,17,0.0
B,45200.0,1130.0,11378.0,1,2024,4,13,6914.0
A,47000.0,1175.0,11828.0,1,2028,4,13,3554.0
A,51000.0,1275.0,44407.68,0,2026,3,7,0.0
BC,25000.0,625.0,6328.0,1,2027,12,9,1000.0
AA,45400.0,1135.0,11428.0,1,2028,1,19,3478.0
BQ,36300.0,907.5,9153.0,1,2024,2,24,5672.0
BC,43200.0,1080.0,10878.0,1,2026,3,16,6256.0
BQ,43300.0,1082.5,37708.68,0,2028,4,16,0.0
O,42300.0,1057.5,10653.0,1,2026,12,29,2181.0
DA,41800.0,1045.0,10528.0,1,2025,5,14,305.0
BC,37500.0,937.5,9453.0,1,2028,11,1,3470.0
BQ,51800.0,1295.0,45103.68,0,2022,3,10,0.0
BB,22800.0,570.0,5778.0,1,2022,8,17,3598.0
RE,41900.0,1047.5,10553.0,1,2022,5,26,8574.0
RE,35600.0,890.0,8978.0,1,2027,8,6,5999.0
BQ,36900.0,922.5,9303.0,1,2023,10,4,10598.0
DA,31100.0,777.5,7853.0,1,2027,12,29,4321.0
B,45900.0,1147.5,11553.0,1,2024,10,17,6170.0
BQ,51400.0,1285.0,12928.0,1,2027,7,13,3745.0
BQ,24600.0,615.0,21439.68,0,2026,5,15,0.0
BC,43500.0,1087.5,10953.0,1,2023,2,24,4221.0
RE,30100.0,752.5,7603.0,1,2024,4,11,2813.0
C,40900.0,1022.5,10303.0,1,2025,5,5,6737.0
C,43700.0,1092.5,11003.0,1,2026,10,26,3289.0
RE,38300.0,957.5,9653.0,1,2022,12,17,4991.0
O,35500.0,887.5,8953.0,1,2028,11,11,9093.0
AC,51800.0,1295.0,13028.0,1,2027,6,8,5485.0
O,46000.0,1150.0,11578.0,1,2026,1,11,5638.0
BQ,49200.0,1230.0,12378.0,1,2023,2,3,1018.0
O,37000.0,925.0,32227.68,0,2026,12,4,0.0
RE,39600.0,990.0,9978.0,1,2026,12,12,5108.0
A,41100.0,1027.5,10353.0,1,2028,9,14,6555.0
AA,35900.0,897.5,9053.0,1,2025,11,21,5177.0
C,45400.0,1135.0,11428.0,1,2026,1,16,3202.0
RE,31200.0,780.0,7878.0,1,2021,12,22,2904.0
BB,33000.0,825.0,8328.0,1,2027,3,20,6767.0
BQ,51400.0,1285.0,12928.0,1,2022,1,23,2653.0
BC,50000.0,1250.0,12578.0,1,2024,11,9,7055.0
AC,45000.0,1125.0,11328.0,1,2028,11,3,5682.0
C,41200.0,1030.0,10378.0,1,2026,12,12,2972.0
BQ,36600.0,915.0,9228.0,1,2021,12,27,2716.0
C,28700.0,717.5,7253.0,1,2027,8,14,672.0
A,42100.0,1052.5,10603.0,1,2024,1,20,7627.0
BQ,45700.0,1142.5,11503.0,1,2024,5,8,825.0
AA,42600.0,1065.0,10728.0,1,2028,11,22,9370.0
AA,49000.0,1225.0,12328.0,1,2025,4,4,665.0
DA,29600.0,740.0,7478.0,1,2027,1,3,4742.0
DA,52200.0,1305.0,13128.0,1,2024,12,18,6320.0
BQ,37900.0,947.5,9553.0,1,2024,5,28,991.0
B,50400.0,1260.0,12678.0,1,2027,5,9,4507.0
AC,42100.0,1052.5,10603.0,1,2028,1,20,2313.0
B,25900.0,647.5,6553.0,1,2024,4,5,227.0
BC,38300.0,957.5,33358.68,0,2023,1,14,0.0
RE,42000.0,1050.0,10578.0,1,2024,5,25,733.0
AC,30800.0,770.0,7778.0,1,2025,12,28,440.0
RE,25700.0,642.5,6503.0,1,2027,5,3,3892.0
BQ,44000.0,1100.0,11078.0,1,2028,3,23,7896.0
RE,24300.0,607.5,6153.0,1,2026,9,13,8488.0
A,48800.0,1220.0,12278.0,1,2022,8,21,7298.0
RE,29400.0,735.0,7428.0,1,2026,7,8,1573.0
RE,30300.0,757.5,7653.0,1,2027,4,25,4465.0
AC,35500.0,887.5,8953.0,1,2023,1,19,3277.0
RE,49300.0,1232.5,12403.0,1,2024,9,16,716.0
RE,36400.0,910.0,9178.0,1,2027,3,22,2587.0
AA,50500.0,1262.5,12703.0,1,2023,1,17,621.0
BB,32500.0,812.5,8203.0,1,2024,6,11,459.0
B,40200.0,1005.0,10128.0,1,2028,5,23,6385.0
AA,24900.0,622.5,6303.0,1,2027,12,30,7381.0
B,32500.0,812.5,8203.0,1,2025,2,7,103.0
O,51300.0,1282.5,12903.0,1,2022,10,17,3434.0
B,51800.0,1295.0,13028.0,1,2023,5,12,5803.0
RE,45900.0,1147.5,11553.0,1,2025,4,22,3117.0
O,30200.0,755.0,7628.0,1,2023,4,5,4138.0
AC,53000.0,1325.0,13328.0,1,2027,6,23,5903.0
A,42000.0,1050.0,10578.0,1,2025,2,11,6864.0
AA,37400.0,935.0,9428.0,1,2024,5,27,4786.0
B,29800.0,745.0,7528.0,1,2023,9,17,5784.0
BC,53500.0,1337.5,13453.0,1,2024,8,26,7109.0
DA,30300.0,757.5,7653.0,1,2026,9,21,6091.0
B,25700.0,642.5,22396.68,0,2023,9,6,0.0
O,47300.0,1182.5,11903.0,1,2026,10,3,8926.0
AC,50700.0,1267.5,12753.0,1,2021,11,5,4349.0
C,36300.0,907.5,9153.0,1,2026,6,1,5374.0
A,38900.0,972.5,9803.0,1,2022,11,8,3476.0
BB,25000.0,625.0,6328.0,1,2025,12,22,2550.0
AC,27700.0,692.5,7003.0,1,2025,1,11,406.0
RE,23400.0,585.0,5928.0,1,2023,7,30,4527.0
O,30800.0,770.0,7778.0,1,2023,7,22,3130.0
RE,41600.0,1040.0,10478.0,1,2024,11,6,948.0
O,36100.0,902.5,9103.0,1,2024,1,22,3427.0
AC,53000.0,1325.0,13328.0,1,2022,1,2,4273.0
AA,35500.0,887.5,8953.0,1,2023,5,16,5514.0
BQ,45900.0,1147.5,11553.0,1,2024,1,24,584.0
DA,28300.0,707.5,7153.0,1,2024,1,17,4543.0
BB,34400.0,860.0,8678.0,1,2027,8,2,3815.0
O,37600.0,940.0,9478.0,1,2022,11,1,5582.0
C,49300.0,1232.5,12403.0,1,2022,10,17,4004.0
AA,33500.0,837.5,8453.0,1,2023,8,23,3804.0
O,48900.0,1222.5,12303.0,1,2022,12,30,3490.0
DA,29500.0,737.5,7453.0,1,2027,4,20,6261.0
BC,29200.0,730.0,7378.0,1,2026,2,11,5036.0
AC,41200.0,1030.0,10378.0,1,2026,3,19,6462.0
B,48700.0,1217.5,12253.0,1,2028,12,19,4508.0
A,29600.0,740.0,7478.0,1,2026,12,29,7970.0
BB,44600.0,1115.0,11228.0,1,2022,11,24,7569.0
B,38500.0,962.5,9703.0,1,2024,9,23,3527.0
BB,24100.0,602.5,21004.68,0,2025,11,13,0.0
B,39300.0,982.5,9903.0,1,2024,10,5,5409.0
BC,46500.0,1162.5,11703.0,1,2026,12,20,5555.0
DA,40600.0,1015.0,10228.0,1,2025,5,12,662.0
O,48300.0,1207.5,12153.0,1,2027,9,11,4841.0
DA,38700.0,967.5,9753.0,1,2023,5,9,1726.0
BQ,35800.0,895.0,9028.0,1,2026,6,26,2899.0
AC,23500.0,587.5,5953.0,1,2022,5,8,5440.0
DA,45800.0,1145.0,11528.0,1,2028,8,20,4789.0
C,28900.0,722.5,7303.0,1,2024,1,22,1573.0
AC,31700.0,792.5,27616.68,0,2028,1,10,0.0
RE,25100.0,627.5,6353.0,1,2026,9,21,8443.0
A,47100.0,1177.5,11853.0,1,2022,3,13,2841.0
DA,29500.0,737.5,7453.0,1,2027,1,17,5408.0
BC,24100.0,602.5,6103.0,1,2027,10,8,8601.0
C,27300.0,682.5,6903.0,1,2026,12,15,6471.0
AC,52700.0,1317.5,13253.0,1,2026,12,15,3521.0
A,45000.0,1125.0,11328.0,1,2028,5,25,544.0
O,53000.0,1325.0,13328.0,1,2027,5,18,5316.0
AC,33500.0,837.5,8453.0,1,2023,7,20,563.0
A,30400.0,760.0,7678.0,1,2021,12,12,3592.0
BB,51700.0,1292.5,13003.0,1,2022,1,13,634.0
BC,40800.0,1020.0,10278.0,1,2022,4,3,7009.0
BQ,24400.0,610.0,6178.0,1,2027,10,14,6573.0
BC,45000.0,1125.0,11328.0,1,2026,1,20,787.0
A,38600.0,965.0,9728.0,1,2026,9,14,6628.0
A,43600.0,1090.0,10978.0,1,2024,10,14,5262.0
DA,48400.0,1210.0,12178.0,1,2027,12,8,2270.0
O,28100.0,702.5,7103.0,1,2025,6,22,3957.0
AC,26600.0,665.0,6728.0,1,2023,12,26,6520.0
DA,45500.0,1137.5,11453.0,1,2024,7,8,100.0
AA,41400.0,1035.0,10428.0,1,2026,11,8,7091.0
BC,33500.0,837.5,29182.68,0,2027,12,20,0.0
BC,23300.0,582.5,20308.68,0,2023,12,9,0.0
BB,31800.0,795.0,8028.0,1,2025,1,31,5552.0
O,27400.0,685.0,6928.0,1,2024,2,29,10427.0
B,26500.0,662.5,6703.0,1,2028,2,22,2954.0
B,40500.0,1012.5,10203.0,1,2026,3,10,6197.0
O,30000.0,750.0,7578.0,1,2026,1,29,4121.0
C,37300.0,932.5,9403.0,1,2027,1,5,5767.0
DA,40500.0,1012.5,10203.0,1,2027,9,13,9855.0
B,39400.0,985.0,9928.0,1,2026,4,27,4546.0
O,45400.0,1135.0,11428.0,1,2027,5,5,6805.0
AA,51600.0,1290.0,12978.0,1,2022,9,12,499.0
BC,26600.0,665.0,6728.0,1,2025,11,24,7224.0
C,39700.0,992.5,10003.0,1,2027,7,3,9797.0
BC,51000.0,1275.0,12828.0,1,2027,6,25,3090.0
A,48700.0,1217.5,12253.0,1,2028,4,26,3192.0
AC,30500.0,762.5,7703.0,1,2022,10,6,415.0
BC,34800.0,870.0,8778.0,1,2028,12,11,1018.0
AC,30100.0,752.5,7603.0,1,2028,4,25,6385.0
C,26600.0,665.0,6728.0,1,2021,12,3,925.0
A,47400.0,1185.0,11928.0,1,2023,1,25,2931.0
DA,24400.0,610.0,6178.0,1,2023,11,18,10539.0
BC,27900.0,697.5,7053.0,1,2025,4,19,3829.0
BQ,45900.0,1147.5,11553.0,1,2025,5,16,4336.0
DA,30900.0,772.5,7803.0,1,2024,7,2,1467.0
AC,49700.0,1242.5,12503.0,1,2025,12,17,3773.0
C,30000.0,750.0,7578.0,1,2025,3,16,4483.0
BB,50200.0,1255.0,12628.0,1,2023,7,21,559.0
DA,33100.0,827.5,8353.0,1,2023,4,5,1074.0
B,29300.0,732.5,7403.0,1,2023,8,9,8740.0
AC,45300.0,1132.5,11403.0,1,2024,5,13,3922.0
AA,38500.0,962.5,33532.68,0,2021,12,19,0.0
DA,27700.0,692.5,7003.0,1,2028,12,8,2860.0
DA,25000.0,625.0,6328.0,1,2025,4,19,500.0
RE,44700.0,1117.5,11253.0,1,2027,9,29,4629.0
BC,46900.0,1172.5,11803.0,1,2023,6,5,7742.0
AA,36500.0,912.5,9203.0,1,2027,9,12,3686.0
A,40700.0,1017.5,10253.0,1,2022,9,29,9724.0
O,47100.0,1177.5,11853.0,1,2023,3,1,3853.0
AC,32700.0,817.5,28486.68,0,2023,11,3,0.0
DA,41400.0,1035.0,10428.0,1,2028,5,3,257.0
DA,29500.0,737.5,7453.0,1,2028,12,17,1316.0
O,40800.0,1020.0,10278.0,1,2025,6,4,6583.0
O,30100.0,752.5,26224.68,0,2022,4,13,0.0
A,27900.0,697.5,24310.68,0,2026,8,4,0.0
RE,49700.0,1242.5,12503.0,1,2023,4,2,6652.0
BC,45600.0,1140.0,11478.0,1,2027,5,19,7397.0
BQ,33300.0,832.5,29008.68,0,2024,8,15,0.0
BB,38400.0,960.0,33445.68,0,2025,6,2,0.0
BQ,45800.0,1145.0,11528.0,1,2026,6,24,5325.0
B,37400.0,935.0,9428.0,1,2026,11,6,4609.0
BB,39400.0,985.0,34315.68,0,2028,7,4,0.0
A,35600.0,890.0,8978.0,1,2028,5,10,2717.0
A,50000.0,1250.0,12578.0,1,2026,12,16,615.0
DA,35900.0,897.5,31270.68,0,2024,9,16,0.0
BQ,27400.0,685.0,6928.0,1,2028,5,4,2865.0
BB,43400.0,1085.0,10928.0,1,2028,9,6,4852.0
AA,36200.0,905.0,9128.0,1,2023,2,10,8111.0
B,46800.0,1170.0,11778.0,1,2028,10,5,5153.0
BQ,43000.0,1075.0,37447.68,0,2025,7,3,0.0
DA,32400.0,810.0,8178.0,1,2023,4,3,4609.0
A,35600.0,890.0,8978.0,1,2026,10,27,3441.0
AA,39800.0,995.0,10028.0,1,2027,3,11,4349.0
A,25900.0,647.5,6553.0,1,2024,8,9,1011.0
AC,25000.0,625.0,6328.0,1,2026,6,23,868.0
RE,43600.0,1090.0,10978.0,1,2025,4,18,2863.0
O,42000.0,1050.0,10578.0,1,2025,9,22,5087.0
C,31500.0,787.5,7953.0,1,2024,11,25,568.0
BB,52200.0,1305.0,13128.0,1,2027,3,17,890.0
B,43600.0,1090.0,10978.0,1,2023,12,17,6445.0
C,51100.0,1277.5,44494.68,0,2022,1,30,0.0
C,26500.0,662.5,6703.0,1,2022,1,20,665.0
BC,45500.0,1137.5,11453.0,1,2027,3,1,451.0
C,50200.0,1255.0,12628.0,1,2022,4,24,5959.0
BB,48500.0,1212.5,12203.0,1,2027,7,31,3157.0
RE,47100.0,1177.5,11853.0,1,2024,1,23,2851.0
BB,24700.0,617.5,6253.0,1,2022,1,22,5090.0
BQ,48100.0,1202.5,12103.0,1,2023,3,23,8968.0
BQ,26500.0,662.5,6703.0,1,2025,3,14,807.0
B,36300.0,907.5,9153.0,1,2024,3,28,5526.0
AC,52900.0,1322.5,13303.0,1,2025,7,29,4410.0
C,36300.0,907.5,9153.0,1,2022,1,31,6959.0
RE,36500.0,912.5,9203.0,1,2023,2,7,536.0
BQ,30000.0,750.0,7578.0,1,2028,12,25,6936.0
AA,40400.0,1010.0,35185.68,0,2028,3,28,0.0
B,23100.0,577.5,5853.0,1,2022,9,20,6707.0
BB,30800.0,770.0,26833.68,0,2022,6,12,0.0
A,38600.0,965.0,9728.0,1,2025,3,8,653.0
B,38500.0,962.5,9703.0,1,2023,10,4,5551.0
BC,27200.0,680.0,6878.0,1,2027,1,21,4184.0
C,38100.0,952.5,33184.68,0,2024,3,7,0.0
O,23500.0,587.5,5953.0,1,2024,6,18,819.0
DA,51200.0,1280.0,12878.0,1,2027,12,17,2473.0
BB,49900.0,1247.5,12553.0,1,2024,11,26,5697.0
AA,34200.0,855.0,8628.0,1,2024,3,31,550.0
AA,45100.0,1127.5,11353.0,1,2024,1,5,7862.0
DA,27900.0,697.5,7053.0,1,2024,2,17,3899.0
DA,36200.0,905.0,9128.0,1,2028,12,3,3700.0
BB,36000.0,900.0,9078.0,1,2022,6,6,5836.0
B,37300.0,932.5,9403.0,1,2027,12,13,1516.0
BC,23600.0,590.0,5978.0,1,2022,3,22,419.0
RE,47600.0,1190.0,11978.0,1,2026,4,20,5312.0
AC,44100.0,1102.5,11103.0,1,2022,1,22,678.0
O,31100.0,777.5,7853.0,1,2026,12,16,10231.0
A,46000.0,1150.0,11578.0,1,2023,11,16,8713.0
B,28300.0,707.5,7153.0,1,2025,11,24,2559.0
B,32500.0,812.5,8203.0,1,2028,7,7,6141.0
BB,28300.0,707.5,7153.0,1,2027,3,10,297.0
BC,52800.0,1320.0,13278.0,1,2022,7,1,8746.0
C,24800.0,620.0,6278.0,1,2024,4,17,6143.0
B,29600.0,740.0,7478.0,1,2027,2,3,5194.0
BC,33700.0,842.5,8503.0,1,2027,12,6,444.0
AC,51600.0,1290.0,44929.68,0,2026,12,9,0.0
O,37100.0,927.5,9353.0,1,2027,2,19,3517.0
A,53500.0,1337.5,13453.0,1,2022,7,7,6003.0
B,41500.0,1037.5,10453.0,1,2025,4,5,6085.0
DA,50600.0,1265.0,12728.0,1,2023,4,10,8582.0
BB,25800.0,645.0,6528.0,1,2027,1,15,4359.0
BB,37500.0,937.5,9453.0,1,2022,6,7,7792.0
A,31000.0,775.0,7828.0,1,2024,6,14,5158.0
BQ,24500.0,612.5,6203.0,1,2028,8,7,5599.0
RE,30800.0,770.0,7778.0,1,2023,3,11,74.0
AA,24200.0,605.0,6128.0,1,2023,12,18,4561.0
DA,36200.0,905.0,9128.0,1,2024,7,4,3663.0
O,53400.0,1335.0,13428.0,1,2021,11,23,2318.0
C,41000.0,1025.0,10328.0,1,2021,12,22,9514.0
C,45900.0,1147.5,11553.0,1,2026,1,13,3389.0
AC,43900.0,1097.5,11053.0,1,2025,12,15,5936.0
DA,29300.0,732.5,7403.0,1,2028,4,4,5190.0
O,30400.0,760.0,7678.0,1,2026,5,11,10067.0
AA,23400.0,585.0,5928.0,1,2023,8,7,4776.0
O,31000.0,775.0,7828.0,1,2027,10,10,6346.0
RE,43600.0,1090.0,10978.0,1,2022,6,16,2988.0
A,32400.0,810.0,28225.68,0,2024,6,12,0.0
AA,50500.0,1262.5,12703.0,1,2028,3,29,1734.0
A,26000.0,650.0,6578.0,1,2028,11,17,6598.0
DA,37800.0,945.0,9528.0,1,2022,7,23,4747.0
O,32500.0,812.5,8203.0,1,2023,7,18,6142.0
BQ,41600.0,1040.0,10478.0,1,2028,9,5,3597.0
RE,31500.0,787.5,7953.0,1,2026,12,25,7009.0
A,27200.0,680.0,6878.0,1,2027,4,12,4740.0
AA,31100.0,777.5,7853.0,1,2025,5,1,6510.0
RE,23400.0,585.0,5928.0,1,2028,5,10,631.0
AC,44600.0,1115.0,11228.0,1,2025,11,12,5016.0
BQ,50200.0,1255.0,43711.68,0,2022,8,11,0.0
BC,47000.0,1175.0,11828.0,1,2027,8,24,5459.0
AC,50200.0,1255.0,12628.0,1,2022,6,27,4391.0
RE,32700.0,817.5,8253.0,1,2023,12,25,625.0
BB,45100.0,1127.5,11353.0,1,2026,2,7,5644.0
BB,43300.0,1082.5,10903.0,1,2026,5,18,806.0
AA,48600.0,1215.0,42319.68,0,2021,11,8,0.0
BQ,27200.0,680.0,6878.0,1,2028,5,24,4450.0
O,36700.0,917.5,9253.0,1,2023,7,6,840.0
BQ,47000.0,1175.0,40927.68,0,2026,4,2,0.0
AA,36200.0,905.0,9128.0,1,2024,3,24,5660.0
DA,27700.0,692.5,7003.0,1,2021,12,26,3666.0
B,45400.0,1135.0,39535.68,0,2026,4,28,0.0
B,37500.0,937.5,9453.0,1,2027,6,16,9212.0
DA,36900.0,922.5,9303.0,1,2021,11,13,5996.0
AA,24000.0,600.0,6078.0,1,2024,12,8,5612.0
RE,38100.0,952.5,9603.0,1,2027,6,18,2456.0
AC,32400.0,810.0,8178.0,1,2026,6,7,8666.0
DA,28700.0,717.5,25006.68,0,2024,9,13,0.0
B,42900.0,1072.5,10803.0,1,2025,6,11,6224.0
BQ,36300.0,907.5,9153.0,1,2027,5,19,6298.0
A,23300.0,582.5,5903.0,1,2025,1,30,6631.0
DA,36200.0,905.0,9128.0,1,2026,1,18,7411.0
DA,28200.0,705.0,7128.0,1,2024,7,7,3069.0
RE,23400.0,585.0,5928.0,1,2023,3,16,5585.0
B,34900.0,872.5,8803.0,1,2026,10,23,4182.0
AC,36900.0,922.5,9303.0,1,2023,4,18,8408.0
BB,46500.0,1162.5,11703.0,1,2028,11,9,723.0
B,43000.0,1075.0,10828.0,1,2026,1,6,9702.0
BQ,43200.0,1080.0,10878.0,1,2028,2,11,400.0
BB,35200.0,880.0,8878.0,1,2026,4,28,3245.0
RE,40900.0,1022.5,35620.68,0,2028,6,7,0.0
DA,22900.0,572.5,5803.0,1,2028,9,24,5807.0
BQ,41500.0,1037.5,10453.0,1,2028,8,8,5469.0
BQ,43000.0,1075.0,10828.0,1,2026,5,30,4397.0
BB,30800.0,770.0,7778.0,1,2027,6,11,634.0
BB,23300.0,582.5,5903.0,1,2024,12,29,4960.0
BB,31000.0,775.0,7828.0,1,2025,3,1,9560.0
AA,30200.0,755.0,26311.68,0,2027,10,8,0.0
C,50400.0,1260.0,12678.0,1,2022,9,15,3337.0
C,24000.0,600.0,6078.0,1,2028,11,7,9881.0
BC,52000.0,1300.0,13078.0,1,2028,1,30,2510.0
RE,38900.0,972.5,9803.0,1,2027,7,31,7185.0
DA,49700.0,1242.5,12503.0,1,2027,10,26,6488.0
RE,43600.0,1090.0,37969.68,0,2026,5,7,0.0
A,41300.0,1032.5,10403.0,1,2024,3,5,7497.0
RE,53500.0,1337.5,13453.0,1,2026,1,19,1144.0
C,40800.0,1020.0,10278.0,1,2027,6,22,8549.0
AC,24400.0,610.0,6178.0,1,2026,7,5,4145.0
O,38000.0,950.0,9578.0,1,2026,7,14,4248.0
BQ,43800.0,1095.0,11028.0,1,2027,11,21,2846.0
AA,38200.0,955.0,9628.0,1,2023,5,17,320.0
O,35000.0,875.0,30487.68,0,2022,3,24,0.0
A,37500.0,937.5,9453.0,1,2023,11,21,4497.0
O,25900.0,647.5,6553.0,1,2026,6,17,5534.0
B,37100.0,927.5,9353.0,1,2028,12,20,3551.0
C,43400.0,1085.0,10928.0,1,2023,8,24,8594.0
BC,25400.0,635.0,6428.0,1,2027,7,31,5716.0
BC,27400.0,685.0,6928.0,1,2026,3,24,8846.0
AC,29300.0,732.5,7403.0,1,2026,9,21,6767.0
BC,48900.0,1222.5,12303.0,1,2022,3,18,5769.0
BQ,24800.0,620.0,21613.68,0,2026,6,2,0.0
AC,39200.0,980.0,9878.0,1,2025,7,18,9765.0
C,30400.0,760.0,7678.0,1,2028,2,8,4851.0
AA,42700.0,1067.5,10753.0,1,2026,2,28,3463.0
DA,30600.0,765.0,7728.0,1,2023,3,19,2436.0
BC,25900.0,647.5,6553.0,1,2027,8,9,3665.0
B,29900.0,747.5,7553.0,1,2028,7,15,4423.0
DA,37400.0,935.0,9428.0,1,2022,11,5,6467.0
BB,49500.0,1237.5,12453.0,1,2024,2,11,5326.0
AA,29200.0,730.0,7378.0,1,2022,10,20,2360.0
B,35500.0,887.5,8953.0,1,2027,1,1,6807.0
DA,36700.0,917.5,9253.0,1,2022,2,9,1122.0
BQ,26100.0,652.5,6603.0,1,2028,3,19,4031.0
AA,32100.0,802.5,27964.68,0,2024,7,24,0.0
DA,36000.0,900.0,9078.0,1,2023,4,28,9491.0
AC,28200.0,705.0,7128.0,1,2028,12,24,3880.0
AA,31500.0,787.5,7953.0,1,2023,11,13,4354.0
AA,28200.0,705.0,7128.0,1,2022,11,15,1069.0
DA,41400.0,1035.0,36055.68,0,2028,5,3,0.0
B,35400.0,885.0,8928.0,1,2026,6,21,7006.0
BC,45800.0,1145.0,11528.0,1,2023,8,9,10510.0
B,46000.0,1150.0,11578.0,1,2028,5,30,4630.0
A,30200.0,755.0,7628.0,1,2025,5,13,4845.0
BB,39000.0,975.0,33967.68,0,2028,5,26,0.0
O,46200.0,1155.0,11628.0,1,2027,10,7,5364.0
O,32200.0,805.0,8128.0,1,2023,2,19,3145.0
BB,39900.0,997.5,34750.68,0,2026,3,11,0.0
AA,30500.0,762.5,7703.0,1,2022,9,19,5000.0
BB,24900.0,622.5,6303.0,1,2027,7,5,4487.0
B,33200.0,830.0,8378.0,1,2028,4,28,6478.0
O,44000.0,1100.0,38317.68,0,2025,12,5,0.0
DA,36800.0,920.0,9278.0,1,2023,11,21,5379.0
AC,37600.0,940.0,9478.0,1,2027,1,27,10704.0
AA,38300.0,957.5,33358.68,0,2028,2,7,0.0
BB,35200.0,880.0,8878.0,1,2028,6,10,2246.0
BB,42600.0,1065.0,37099.68,0,2023,11,10,0.0
BC,45200.0,1130.0,39361.68,0,2023,1,13,0.0
BC,45600.0,1140.0,11478.0,1,2025,1,18,2995.0
AA,35100.0,877.5,8853.0,1,2023,12,9,3388.0
RE,30800.0,770.0,7778.0,1,2022,8,23,6082.0
AA,32300.0,807.5,8153.0,1,2024,6,29,4674.0
AC,53500.0,1337.5,13453.0,1,2022,2,23,4448.0
AA,26000.0,650.0,6578.0,1,2025,12,31,6515.0
O,46900.0,1172.5,11803.0,1,2022,12,20,7438.0
O,50200.0,1255.0,12628.0,1,2028,3,6,2533.0
AA,28200.0,705.0,7128.0,1,2023,6,29,6279.0
BB,34000.0,850.0,8578.0,1,2023,2,11,4624.0
B,28500.0,712.5,7203.0,1,2028,1,10,4139.0
AC,32100.0,802.5,8103.0,1,2026,2,27,5209.0
B,46100.0,1152.5,11603.0,1,2025,8,7,3418.0
A,22800.0,570.0,5778.0,1,2024,11,21,7141.0
B,40700.0,1017.5,10253.0,1,2022,6,26,3360.0
BQ,40000.0,1000.0,10078.0,1,2023,6,1,2397.0
RE,50800.0,1270.0,12778.0,1,2023,3,11,3471.0
RE,31500.0,787.5,7953.0,1,2022,3,22,3747.0
DA,31000.0,775.0,7828.0,1,2022,12,11,3578.0
C,38300.0,957.5,9653.0,1,2025,11,5,3075.0
BC,41300.0,1032.5,10403.0,1,2023,7,17,2863.0
C,31900.0,797.5,8053.0,1,2023,7,4,8539.0
B,46600.0,1165.0,11728.0,1,2022,1,14,5720.0
O,41800.0,1045.0,10528.0,1,2025,9,27,3345.0
C,34100.0,852.5,8603.0,1,2028,2,15,601.0
BB,39200.0,980.0,9878.0,1,2025,1,10,6511.0
C,42800.0,1070.0,10778.0,1,2024,12,1,330.0
BB,31400.0,785.0,7928.0,1,2025,1,28,5123.0
BB,43700.0,1092.5,11003.0,1,2023,3,9,2443.0
AC,22700.0,567.5,5753.0,1,2022,11,19,5069.0
BC,27800.0,695.0,7028.0,1,2023,11,5,5207.0
O,38300.0,957.5,9653.0,1,2023,10,4,1000.0
DA,36700.0,917.5,31966.68,0,2021,11,16,0.0
A,49600.0,1240.0,12478.0,1,2026,12,30,6687.0
BC,32700.0,817.5,8253.0,1,2022,7,21,7644.0
A,27500.0,687.5,6953.0,1,2022,12,13,429.0
BQ,45800.0,1145.0,39883.68,0,2028,4,9,0.0
BB,45800.0,1145.0,11528.0,1,2027,7,31,5559.0
AA,30800.0,770.0,7778.0,1,2025,10,8,6227.0
AA,33000.0,825.0,8328.0,1,2024,6,11,4389.0
O,37100.0,927.5,9353.0,1,2028,9,9,539.0
RE,36800.0,920.0,32053.68,0,2023,5,6,0.0
BQ,35000.0,875.0,8828.0,1,2026,5,30,649.0
A,31000.0,775.0,7828.0,1,2028,4,20,6067.0
A,27400.0,685.0,6928.0,1,2024,10,26,1303.0
B,51600.0,1290.0,12978.0,1,2028,10,9,8195.0
AA,50800.0,1270.0,12778.0,1,2024,12,22,5416.0
BQ,43600.0,1090.0,10978.0,1,2025,8,26,554.0
O,33700.0,842.5,8503.0,1,2022,7,19,6495.0
BQ,24800.0,620.0,6278.0,1,2023,6,20,8830.0
AC,29100.0,727.5,7353.0,1,2021,11,12,2574.0
RE,50900.0,1272.5,12803.0,1,2026,12,16,4972.0
B,26300.0,657.5,6653.0,1,2025,9,7,5751.0
AA,43900.0,1097.5,11053.0,1,2022,5,14,3941.0
DA,39000.0,975.0,9828.0,1,2025,11,4,4005.0
O,24100.0,602.5,6103.0,1,2023,12,9,5893.0
BQ,25300.0,632.5,6403.0,1,2023,2,8,3214.0
A,40400.0,1010.0,10178.0,1,2024,7,7,4376.0
AA,27200.0,680.0,6878.0,1,2025,8,28,2392.0
O,43100.0,1077.5,10853.0,1,2024,8,17,537.0
BQ,48300.0,1207.5,12153.0,1,2022,5,25,9552.0
O,23800.0,595.0,6028.0,1,2028,9,2,3858.0
BB,33600.0,840.0,8478.0,1,2022,11,3,5455.0
A,36500.0,912.5,9203.0,1,2022,12,12,9478.0
A,24600.0,615.0,6228.0,1,2024,12,6,6067.0
B,48000.0,1200.0,12078.0,1,2023,3,2,538.0
BB,28000.0,700.0,7078.0,1,2026,11,3,5499.0
BB,47500.0,1187.5,11953.0,1,2028,6,14,8232.0
RE,28600.0,715.0,7228.0,1,2028,7,22,5045.0
BB,28900.0,722.5,7303.0,1,2026,7,18,5176.0
A,40800.0,1020.0,10278.0,1,2026,6,26,4977.0
A,30300.0,757.5,7653.0,1,2025,6,14,4642.0
BC,39100.0,977.5,9853.0,1,2023,12,15,3233.0
B,24100.0,602.5,6103.0,1,2024,3,7,6142.0
B,35100.0,877.5,8853.0,1,2023,9,9,262.0
C,45500.0,1137.5,11453.0,1,2024,11,16,7500.0
BQ,53400.0,1335.0,13428.0,1,2025,1,10,3324.0
B,33100.0,827.5,8353.0,1,2023,5,16,3617.0
B,45600.0,1140.0,11478.0,1,2024,1,18,4215.0
A,43700.0,1092.5,11003.0,1,2025,9,15,411.0
BB,33700.0,842.5,8503.0,1,2026,10,26,6060.0
AC,51700.0,1292.5,13003.0,1,2026,9,19,5546.0
BB,30100.0,752.5,7603.0,1,2022,4,6,6211.0
RE,35800.0,895.0,9028.0,1,2024,12,19,5842.0
B,27800.0,695.0,7028.0,1,2027,7,30,5555.0
RE,31100.0,777.5,7853.0,1,2026,3,12,2852.0
AC,37000.0,925.0,9328.0,1,2024,5,7,1741.0
AA,40000.0,1000.0,10078.0,1,2022,6,17,727.0
AC,15000.0,375.0,3828.0,1,2028,3,21,3024.0
BC,35900.0,897.5,9053.0,1,2023,3,9,6058.0
O,42700.0,1067.5,10753.0,1,2028,2,29,1623.0
RE,27100.0,677.5,6853.0,1,2026,1,18,3656.0
RE,27300.0,682.5,6903.0,1,2027,2,5,4985.0
C,46900.0,1172.5,11803.0,1,2025,8,22,5339.0
A,26300.0,657.5,6653.0,1,2026,11,21,4135.0
B,31200.0,780.0,7878.0,1,2024,3,13,4305.0
AA,50300.0,1257.5,43798.68,0,2022,1,7,0.0
BQ,28900.0,722.5,7303.0,1,2025,12,18,4904.0
C,43400.0,1085.0,37795.68,0,2024,1,24,0.0
AC,43200.0,1080.0,10878.0,1,2024,3,17,3577.0
DA,51600.0,1290.0,12978.0,1,2027,7,22,929.0
BB,41300.0,1032.5,10403.0,1,2027,10,26,10466.0
RE,39700.0,992.5,10003.0,1,2025,6,28,4053.0
BQ,20000.0,500.0,5078.0,1,2021,12,20,878.0
RE,35000.0,875.0,8828.0,1,2025,9,21,3960.0
B,33900.0,847.5,29530.68,0,2027,3,11,0.0
BC,41800.0,1045.0,10528.0,1,2027,1,12,4458.0
B,27800.0,695.0,7028.0,1,2022,7,24,3290.0
AC,37000.0,925.0,9328.0,1,2022,12,5,10336.0
B,44200.0,1105.0,11128.0,1,2021,12,5,1183.0
C,29600.0,740.0,7478.0,1,2024,8,30,7755.0
RE,40700.0,1017.5,10253.0,1,2023,12,2,684.0
DA,28700.0,717.5,7253.0,1,2026,11,19,4439.0
B,23700.0,592.5,20656.68,0,2027,11,5,0.0
RE,36200.0,905.0,9128.0,1,2026,10,22,3790.0
BC,49700.0,1242.5,12503.0,1,2021,11,25,6039.0
O,46900.0,1172.5,11803.0,1,2028,4,22,4753.0
O,46100.0,1152.5,11603.0,1,2024,12,31,4356.0
RE,45200.0,1130.0,11378.0,1,2026,3,18,7953.0
C,32000.0,800.0,8078.0,1,2027,10,15,9647.0
RE,37700.0,942.5,9503.0,1,2025,9,24,3607.0
BB,36300.0,907.5,9153.0,1,2028,9,18,902.0
O,47100.0,1177.5,41014.68,0,2027,1,31,0.0
O,42700.0,1067.5,37186.68,0,2028,4,28,0.0
BC,30000.0,750.0,7578.0,1,2028,4,12,1017.0
BC,27000.0,675.0,6828.0,1,2028,7,10,3105.0
C,26500.0,662.5,6703.0,1,2022,1,11,5167.0
BQ,48000.0,1200.0,12078.0,1,2028,4,13,611.0
DA,40800.0,1020.0,10278.0,1,2028,1,27,835.0
A,31600.0,790.0,7978.0,1,2026,9,24,372.0
C,32700.0,817.5,8253.0,1,2026,4,30,459.0
B,33500.0,837.5,8453.0,1,2022,1,3,10554.0
C,27900.0,697.5,7053.0,1,2024,7,31,8549.0
B,46900.0,1172.5,11803.0,1,2024,3,31,4569.0
BB,50800.0,1270.0,12778.0,1,2028,2,17,4436.0
DA,31200.0,780.0,7878.0,1,2022,10,18,9355.0
C,29400.0,735.0,7428.0,1,2022,7,17,347.0
A,48300.0,1207.5,12153.0,1,2026,8,27,182.0
BQ,34900.0,872.5,8803.0,1,2022,2,22,7675.0
DA,31700.0,792.5,8003.0,1,2027,1,11,411.0
AA,31200.0,780.0,7878.0,1,2024,5,1,3739.0
BC,25200.0,630.0,6378.0,1,2028,2,22,7831.0
BQ,22900.0,572.5,5803.0,1,2028,2,6,4527.0
BQ,41300.0,1032.5,10403.0,1,2024,8,29,232.0
BQ,50300.0,1257.5,12653.0,1,2027,12,1,2695.0
AC,37000.0,925.0,9328.0,1,2022,1,3,2504.0
BQ,25900.0,647.5,6553.0,1,2026,12,19,9682.0
BB,25000.0,625.0,6328.0,1,2024,6,6,841.0
B,22700.0,567.5,5753.0,1,2022,3,20,1258.0
BB,29500.0,737.5,7453.0,1,2025,4,15,5065.0
BQ,43400.0,1085.0,10928.0,1,2022,6,16,3960.0
DA,46600.0,1165.0,11728.0,1,2025,11,21,4974.0
AC,46000.0,1150.0,11578.0,1,2028,5,10,938.0
DA,26600.0,665.0,6728.0,1,2024,4,19,6154.0
B,53500.0,1337.5,13453.0,1,2025,10,8,714.0
O,27500.0,687.5,6953.0,1,2023,8,16,3834.0
BB,27400.0,685.0,6928.0,1,2025,3,7,8022.0
AC,23100.0,577.5,20134.68,0,2022,7,23,0.0
C,22700.0,567.5,5753.0,1,2022,6,7,5703.0
DA,30600.0,765.0,7728.0,1,2022,9,17,567.0
BQ,50100.0,1252.5,12603.0,1,2023,12,8,7618.0
B,38600.0,965.0,9728.0,1,2023,11,21,500.0
AA,31100.0,777.5,7853.0,1,2022,8,30,6995.0
O,24000.0,600.0,6078.0,1,2022,3,1,7287.0
RE,47900.0,1197.5,12053.0,1,2028,7,30,6356.0
BB,42000.0,1050.0,10578.0,1,2023,4,17,3958.0
BQ,22600.0,565.0,5728.0,1,2028,5,22,6451.0
RE,28600.0,715.0,7228.0,1,2028,2,29,4854.0
RE,35900.0,897.5,9053.0,1,2028,3,14,6347.0
AA,50300.0,1257.5,43798.68,0,2028,2,5,0.0
AC,25900.0,647.5,6553.0,1,2026,5,24,5673.0
C,45600.0,1140.0,11478.0,1,2026,10,17,4112.0
BC,52400.0,1310.0,13178.0,1,2026,6,30,10495.0
O,53400.0,1335.0,46495.68,0,2023,4,15,0.0
DA,25400.0,635.0,6428.0,1,2025,4,1,7931.0
C,33400.0,835.0,8428.0,1,2026,9,20,486.0
A,46300.0,1157.5,11653.0,1,2024,4,15,8603.0
BB,24700.0,617.5,6253.0,1,2022,7,21,6294.0
RE,53200.0,1330.0,13378.0,1,2024,7,16,5265.0
AA,49500.0,1237.5,12453.0,1,2028,9,16,7762.0
C,35500.0,887.5,8953.0,1,2028,9,24,100.0
A,33400.0,835.0,8428.0,1,2025,8,31,4261.0
AA,48400.0,1210.0,12178.0,1,2027,12,24,567.0
BB,36000.0,900.0,9078.0,1,2027,10,26,455.0
B,50200.0,1255.0,12628.0,1,2027,5,6,3292.0
BB,30100.0,752.5,7603.0,1,2021,11,24,3467.0
BB,38600.0,965.0,9728.0,1,2023,7,7,6454.0
BQ,50600.0,1265.0,12728.0,1,2027,3,23,2337.0
B,26300.0,657.5,22918.68,0,2025,7,1,0.0
C,28500.0,712.5,24832.68,0,2022,9,24,0.0
BC,28800.0,720.0,7278.0,1,2028,11,23,4746.0
B,39700.0,992.5,34576.68,0,2024,3,12,0.0
A,26700.0,667.5,6753.0,1,2024,3,16,3297.0
B,40400.0,1010.0,10178.0,1,2022,7,9,8384.0
DA,46600.0,1165.0,11728.0,1,2024,3,22,344.0
A,37400.0,935.0,9428.0,1,2022,1,10,5113.0
AA,46500.0,1162.5,11703.0,1,2022,12,23,6715.0
BC,36800.0,920.0,9278.0,1,2022,1,7,300.0
DA,40800.0,1020.0,10278.0,1,2026,2,25,200.0
A,48400.0,1210.0,12178.0,1,2028,7,31,1020.0
BB,23100.0,577.5,5853.0,1,2022,9,22,2458.0
DA,24600.0,615.0,6228.0,1,2028,7,22,4175.0
B,49800.0,1245.0,12528.0,1,2027,10,1,617.0
AA,29300.0,732.5,7403.0,1,2028,9,3,7944.0
B,46200.0,1155.0,11628.0,1,2025,1,24,6410.0
RE,24100.0,602.5,6103.0,1,2026,9,9,4755.0
BB,41500.0,1037.5,10453.0,1,2023,6,9,5716.0
RE,27500.0,687.5,6953.0,1,2026,8,15,3330.0
A,52600.0,1315.0,13228.0,1,2028,1,3,3060.0
BB,36900.0,922.5,9303.0,1,2022,6,28,953.0
BQ,45000.0,1125.0,11328.0,1,2025,1,14,2641.0
A,39800.0,995.0,10028.0,1,2028,3,13,3429.0
BC,46400.0,1160.0,11678.0,1,2022,4,17,6278.0
AC,39600.0,990.0,9978.0,1,2023,11,15,6838.0
RE,45200.0,1130.0,11378.0,1,2027,1,31,3531.0
B,45900.0,1147.5,11553.0,1,2025,9,17,3221.0
BC,27800.0,695.0,7028.0,1,2027,11,21,6526.0
O,47700.0,1192.5,12003.0,1,2028,4,6,6326.0
A,27300.0,682.5,6903.0,1,2027,12,19,4962.0
C,37500.0,937.5,9453.0,1,2027,10,26,6228.0
BC,45800.0,1145.0,11528.0,1,2025,9,21,8058.0
B,39400.0,985.0,9928.0,1,2026,4,29,625.0
B,52000.0,1300.0,13078.0,1,2022,7,1,639.0
RE,50000.0,1250.0,12578.0,1,2028,1,3,9532.0
A,30800.0,770.0,7778.0,1,2024,3,30,4345.0
AC,24500.0,612.5,6203.0,1,2027,1,5,8638.0
BB,35100.0,877.5,8853.0,1,2022,10,30,3303.0
BQ,24300.0,607.5,6153.0,1,2027,10,3,4071.0
B,43300.0,1082.5,10903.0,1,2025,3,20,3293.0
C,33200.0,830.0,8378.0,1,2026,4,26,3617.0
A,50400.0,1260.0,12678.0,1,2028,4,13,5326.0
O,26600.0,665.0,6728.0,1,2024,2,24,2926.0
C,34500.0,862.5,8703.0,1,2024,6,20,3010.0
AC,32500.0,812.5,8203.0,1,2023,10,11,6780.0
C,47100.0,1177.5,11853.0,1,2028,5,18,3065.0
O,46200.0,1155.0,11628.0,1,2025,3,13,3615.0
RE,39100.0,977.5,9853.0,1,2024,9,8,8277.0
AC,27300.0,682.5,6903.0,1,2028,3,25,2353.0
O,33400.0,835.0,8428.0,1,2023,8,7,4996.0
BB,28000.0,700.0,7078.0,1,2024,5,23,3928.0
C,50300.0,1257.5,12653.0,1,2022,6,17,9170.0
AA,24600.0,615.0,6228.0,1,2021,11,15,3423.0
AC,24600.0,615.0,6228.0,1,2027,3,14,3445.0
O,36100.0,902.5,9103.0,1,2028,2,18,4434.0
BB,24800.0,620.0,6278.0,1,2023,7,9,5770.0
A,37300.0,932.5,9403.0,1,2024,12,6,5463.0
C,50800.0,1270.0,44233.68,0,2027,3,9,0.0
DA,41200.0,1030.0,10378.0,1,2028,9,5,3450.0
B,23000.0,575.0,5828.0,1,2028,10,13,1743.0
A,48600.0,1215.0,12228.0,1,2025,12,18,5389.0
AC,40500.0,1012.5,10203.0,1,2023,4,6,5407.0
DA,43400.0,1085.0,10928.0,1,2025,4,17,3090.0
B,51800.0,1295.0,13028.0,1,2026,6,6,5987.0
O,34300.0,857.5,8653.0,1,2022,12,27,990.0
B,26100.0,652.5,6603.0,1,2026,8,20,499.0
B,28000.0,700.0,7078.0,1,2028,6,12,7371.0
BQ,25100.0,627.5,6353.0,1,2028,3,23,558.0
AC,24300.0,607.5,6153.0,1,2026,10,9,3154.0
O,45200.0,1130.0,11378.0,1,2022,10,5,8032.0
BB,39300.0,982.5,9903.0,1,2023,9,20,4204.0
C,39200.0,980.0,9878.0,1,2027,8,27,5773.0
O,46100.0,1152.5,11603.0,1,2027,4,15,6394.0
A,41500.0,1037.5,10453.0,1,2024,6,23,2552.0
BB,32800.0,820.0,8278.0,1,2026,9,1,4531.0
BB,52400.0,1310.0,13178.0,1,2022,4,19,6539.0
BQ,32900.0,822.5,8303.0,1,2026,5,8,7020.0
AA,39900.0,997.5,10053.0,1,2022,7,18,351.0
BB,44000.0,1100.0,11078.0,1,2023,8,4,4650.0
BC,51400.0,1285.0,12928.0,1,2028,3,24,515.0
AA,46400.0,1160.0,11678.0,1,2023,12,21,494.0
B,48700.0,1217.5,12253.0,1,2024,12,17,3608.0
BQ,49500.0,1237.5,12453.0,1,2024,3,17,7056.0
O,53200.0,1330.0,13378.0,1,2024,12,27,6787.0
BC,31700.0,792.5,8003.0,1,2023,9,2,1000.0
B,11100.0,277.5,2853.0,1,2027,12,6,422.0
A,23500.0,587.5,5953.0,1,2022,1,24,453.0
B,37700.0,942.5,9503.0,1,2026,12,4,7508.0
BB,46100.0,1152.5,11603.0,1,2024,9,23,7119.0
AC,26200.0,655.0,6628.0,1,2024,11,23,8419.0
RE,53100.0,1327.5,13353.0,1,2026,9,26,507.0
B,44600.0,1115.0,11228.0,1,2028,7,21,5858.0
DA,36900.0,922.5,9303.0,1,2022,1,30,3369.0
RE,49400.0,1235.0,12428.0,1,2026,5,28,5810.0
AC,24900.0,622.5,6303.0,1,2028,2,1,9903.0
C,46300.0,1157.5,11653.0,1,2027,10,13,3182.0
BQ,46800.0,1170.0,11778.0,1,2027,11,7,9177.0
A,42300.0,1057.5,10653.0,1,2028,3,5,9300.0
AA,37400.0,935.0,9428.0,1,2027,7,14,4796.0
BB,42700.0,1067.5,10753.0,1,2023,10,25,6320.0
O,42800.0,1070.0,10778.0,1,2022,10,13,4046.0
AC,32000.0,800.0,8078.0,1,2026,11,5,1864.0
BB,45500.0,1137.5,11453.0,1,2023,3,7,3748.0
AA,44600.0,1115.0,11228.0,1,2024,3,14,590.0
BB,26500.0,662.5,6703.0,1,2027,6,11,4039.0
BB,24200.0,605.0,6128.0,1,2025,7,16,666.0
BQ,32100.0,802.5,8103.0,1,2026,5,29,6165.0
A,24900.0,622.5,6303.0,1,2026,1,20,4980.0
BC,43100.0,1077.5,10853.0,1,2025,11,6,5031.0
O,48400.0,1210.0,12178.0,1,2023,3,28,2337.0
A,39000.0,975.0,9828.0,1,2028,12,4,479.0
AA,46200.0,1155.0,11628.0,1,2026,12,6,3320.0
A,39000.0,975.0,9828.0,1,2023,6,22,5761.0
BC,27000.0,675.0,6828.0,1,2025,2,14,4519.0
BQ,41200.0,1030.0,10378.0,1,2028,5,10,3448.0
B,31400.0,785.0,7928.0,1,2023,11,11,4000.0
BQ,28700.0,717.5,7253.0,1,2028,5,26,3935.0
A,27600.0,690.0,6978.0,1,2028,1,29,10482.0
DA,47800.0,1195.0,12028.0,1,2026,4,12,4512.0
A,25000.0,625.0,6328.0,1,2027,6,4,5000.0
AA,32600.0,815.0,8228.0,1,2024,8,14,6517.0
O,24000.0,600.0,6078.0,1,2027,3,5,2852.0
BC,49900.0,1247.5,12553.0,1,2022,7,3,2637.0
BC,30900.0,772.5,7803.0,1,2025,8,13,5940.0
O,29100.0,727.5,7353.0,1,2026,8,21,6251.0
BQ,38400.0,960.0,9678.0,1,2022,9,3,341.0
AC,22900.0,572.5,5803.0,1,2025,7,29,3592.0
C,44600.0,1115.0,11228.0,1,2026,1,4,829.0
B,30000.0,750.0,7578.0,1,2026,7,9,2596.0
AA,35400.0,885.0,8928.0,1,2024,10,9,963.0
B,48300.0,1207.5,12153.0,1,2021,12,6,7370.0
C,48900.0,1222.5,12303.0,1,2028,12,22,6314.0
AC,36300.0,907.5,9153.0,1,2022,11,3,3359.0
B,35000.0,875.0,8828.0,1,2025,5,9,6802.0
BQ,48600.0,1215.0,12228.0,1,2028,11,7,6079.0
BQ,23700.0,592.5,6003.0,1,2027,8,5,6781.0
BC,28700.0,717.5,7253.0,1,2027,10,27,4415.0
B,35800.0,895.0,9028.0,1,2022,6,8,9134.0
BQ,48200.0,1205.0,12128.0,1,2023,1,15,23000.0
BB,39900.0,997.5,10053.0,1,2024,8,7,382.0
B,24500.0,612.5,6203.0,1,2027,9,5,3181.0
RE,41500.0,1037.5,10453.0,1,2024,3,28,6880.0
DA,40500.0,1012.5,10203.0,1,2023,11,13,2000.0
O,48700.0,1217.5,12253.0,1,2028,12,14,3526.0
C,47900.0,1197.5,12053.0,1,2028,3,10,607.0
O,31600.0,790.0,7978.0,1,2026,8,7,6041.0
BB,36400.0,910.0,9178.0,1,2022,10,7,3878.0
AA,24800.0,620.0,6278.0,1,2022,7,7,5888.0
BQ,26400.0,660.0,6678.0,1,2025,10,3,6787.0
RE,49100.0,1227.5,12353.0,1,2021,12,14,5713.0
RE,28100.0,702.5,7103.0,1,2023,11,28,6204.0
BB,37800.0,945.0,9528.0,1,2028,3,2,3901.0
C,27800.0,695.0,7028.0,1,2022,2,14,514.0
A,53100.0,1327.5,13353.0,1,2023,12,15,4867.0
BQ,22900.0,572.5,5803.0,1,2028,4,26,9593.0
A,39000.0,975.0,9828.0,1,2023,1,7,3430.0
B,40100.0,1002.5,10103.0,1,2024,3,26,5544.0
DA,41800.0,1045.0,10528.0,1,2024,8,8,6516.0
C,34500.0,862.5,8703.0,1,2025,1,31,4295.0
A,36600.0,915.0,9228.0,1,2025,4,11,3409.0
A,29100.0,727.5,7353.0,1,2028,1,6,8111.0
BC,35200.0,880.0,8878.0,1,2023,5,28,8860.0
AC,43900.0,1097.5,11053.0,1,2023,7,29,3049.0
AA,45200.0,1130.0,11378.0,1,2027,3,25,7832.0
RE,48600.0,1215.0,12228.0,1,2022,10,31,5992.0
BB,29000.0,725.0,7328.0,1,2023,3,25,7525.0
RE,48000.0,1200.0,12078.0,1,2028,7,17,4404.0
DA,41100.0,1027.5,10353.0,1,2021,11,15,299.0
AA,43200.0,1080.0,10878.0,1,2026,9,7,5764.0
C,32500.0,812.5,8203.0,1,2028,2,4,744.0
AC,31900.0,797.5,8053.0,1,2022,4,8,3698.0
AA,52100.0,1302.5,45364.68,0,2022,12,2,0.0
RE,30800.0,770.0,7778.0,1,2022,2,17,3201.0
O,27900.0,697.5,7053.0,1,2026,11,7,7218.0
RE,53300.0,1332.5,13403.0,1,2027,8,5,5444.0
RE,44300.0,1107.5,11153.0,1,2024,11,13,6554.0
BB,27800.0,695.0,7028.0,1,2023,12,29,3364.0
BQ,34800.0,870.0,8778.0,1,2023,6,25,4973.0
B,47500.0,1187.5,11953.0,1,2023,1,30,4421.0
B,41600.0,1040.0,10478.0,1,2024,9,3,2638.0
AA,33600.0,840.0,8478.0,1,2023,7,18,5472.0
BB,30000.0,750.0,7578.0,1,2022,9,1,4228.0
BC,41800.0,1045.0,10528.0,1,2027,10,23,4766.0
B,51000.0,1275.0,12828.0,1,2023,2,3,6952.0
C,42000.0,1050.0,10578.0,1,2028,11,18,3163.0
C,24300.0,607.5,6153.0,1,2023,12,5,500.0
A,52600.0,1315.0,13228.0,1,2024,5,21,3466.0
C,43400.0,1085.0,10928.0,1,2024,4,22,7107.0
RE,50900.0,1272.5,12803.0,1,2023,3,22,5490.0
AA,25300.0,632.5,6403.0,1,2028,12,16,5250.0
RE,33900.0,847.5,8553.0,1,2023,5,20,105.0
AC,41900.0,1047.5,10553.0,1,2027,2,11,4992.0
A,34400.0,860.0,8678.0,1,2025,4,10,699.0
DA,42300.0,1057.5,10653.0,1,2022,10,18,2726.0
B,41600.0,1040.0,10478.0,1,2027,7,12,1665.0
DA,30400.0,760.0,7678.0,1,2023,5,13,2949.0
B,40700.0,1017.5,10253.0,1,2026,1,17,5028.0
AC,34500.0,862.5,8703.0,1,2028,10,4,3705.0
B,24300.0,607.5,6153.0,1,2025,2,6,2773.0
BC,50200.0,1255.0,43711.68,0,2025,3,19,0.0
DA,51200.0,1280.0,44581.68,0,2024,4,26,0.0
BB,44500.0,1112.5,11203.0,1,2021,12,4,2385.0
O,24700.0,617.5,6253.0,1,2027,12,5,2212.0
RE,46600.0,1165.0,11728.0,1,2028,10,29,3946.0
BC,34600.0,865.0,8728.0,1,2022,11,17,3778.0
BC,35600.0,890.0,8978.0,1,2024,9,23,654.0
AC,46200.0,1155.0,11628.0,1,2022,2,24,5035.0
BB,33700.0,842.5,8503.0,1,2026,8,13,5642.0
B,47000.0,1175.0,11828.0,1,2028,10,12,3632.0
BC,43700.0,1092.5,11003.0,1,2028,8,18,936.0
C,43000.0,1075.0,10828.0,1,2027,2,18,3370.0
AA,35000.0,875.0,8828.0,1,2026,1,26,6171.0
BQ,50800.0,1270.0,12778.0,1,2027,11,12,5797.0
BC,29300.0,732.5,7403.0,1,2027,11,19,3549.0
AC,47800.0,1195.0,12028.0,1,2028,11,20,674.0
RE,23300.0,582.5,5903.0,1,2027,3,8,8211.0
AC,46300.0,1157.5,11653.0,1,2027,12,24,627.0
BC,48700.0,1217.5,12253.0,1,2024,11,23,4098.0
BB,43100.0,1077.5,10853.0,1,2028,11,30,7097.0
B,33900.0,847.5,8553.0,1,2025,4,14,817.0
A,24700.0,617.5,6253.0,1,2021,12,10,588.0
RE,30400.0,760.0,7678.0,1,2022,12,29,4340.0
DA,32400.0,810.0,8178.0,1,2024,6,28,549.0
O,25500.0,637.5,6453.0,1,2023,8,31,5572.0
C,44100.0,1102.5,11103.0,1,2027,11,6,7346.0
AC,52100.0,1302.5,13103.0,1,2025,1,21,2827.0
DA,45200.0,1130.0,11378.0,1,2025,12,1,6012.0
B,38100.0,952.5,9603.0,1,2023,1,28,5390.0
AA,40400.0,1010.0,10178.0,1,2022,6,24,10709.0
AA,24300.0,607.5,6153.0,1,2025,10,18,5762.0
B,49500.0,1237.5,12453.0,1,2025,6,4,6554.0
BQ,51100.0,1277.5,12853.0,1,2027,2,20,7250.0
A,38400.0,960.0,9678.0,1,2026,11,24,5843.0
RE,30800.0,770.0,7778.0,1,2025,11,23,715.0
DA,45600.0,1140.0,11478.0,1,2024,3,12,6324.0
BQ,41100.0,1027.5,10353.0,1,2025,2,8,6851.0
DA,26500.0,662.5,23092.68,0,2023,7,24,0.0
O,47900.0,1197.5,12053.0,1,2025,6,21,4683.0
C,29000.0,725.0,7328.0,1,2025,12,12,5605.0
BC,40200.0,1005.0,10128.0,1,2024,11,2,613.0
C,32900.0,822.5,8303.0,1,2025,6,2,2426.0
AC,45100.0,1127.5,11353.0,1,2022,7,3,6483.0
O,52900.0,1322.5,13303.0,1,2027,8,15,5794.0
C,27600.0,690.0,6978.0,1,2027,8,28,1409.0
AA,39900.0,997.5,34750.68,0,2028,11,30,0.0
O,23600.0,590.0,5978.0,1,2028,9,18,7906.0
O,26100.0,652.5,6603.0,1,2025,5,11,587.0
DA,43100.0,1077.5,10853.0,1,2024,10,5,4066.0
BC,29700.0,742.5,7503.0,1,2023,5,15,6650.0
RE,50200.0,1255.0,12628.0,1,2027,4,14,6763.0
C,32600.0,815.0,8228.0,1,2025,4,10,3200.0
B,37000.0,925.0,9328.0,1,2025,12,27,560.0
C,42000.0,1050.0,10578.0,1,2026,4,1,6259.0
B,46400.0,1160.0,11678.0,1,2025,12,20,4648.0
O,50000.0,1250.0,12578.0,1,2023,8,5,2825.0
BC,25500.0,637.5,6453.0,1,2027,3,10,9580.0
B,28200.0,705.0,7128.0,1,2027,8,27,7246.0
C,52600.0,1315.0,13228.0,1,2025,3,26,658.0
O,42200.0,1055.0,10628.0,1,2026,4,19,4860.0
BB,24000.0,600.0,6078.0,1,2024,1,29,713.0
A,27100.0,677.5,6853.0,1,2025,5,21,4069.0
DA,49600.0,1240.0,12478.0,1,2027,6,22,9834.0
O,34200.0,855.0,8628.0,1,2022,6,28,6692.0
C,44200.0,1105.0,11128.0,1,2027,12,23,1691.0
BC,39600.0,990.0,34489.68,0,2025,12,22,0.0
O,49400.0,1235.0,12428.0,1,2023,5,15,3999.0
A,42000.0,1050.0,10578.0,1,2022,9,8,4200.0
A,47800.0,1195.0,12028.0,1,2028,5,31,6794.0
A,51300.0,1282.5,12903.0,1,2027,5,10,2761.0
A,38700.0,967.5,9753.0,1,2022,12,8,2943.0
AC,38100.0,952.5,9603.0,1,2022,6,28,494.0
AA,45200.0,1130.0,11378.0,1,2028,8,6,8243.0
BQ,33600.0,840.0,8478.0,1,2023,8,9,6586.0
RE,39200.0,980.0,9878.0,1,2025,12,24,6038.0
BB,51000.0,1275.0,12828.0,1,2023,11,6,8690.0
A,29700.0,742.5,7503.0,1,2025,8,15,7794.0
A,36500.0,912.5,31792.68,0,2023,4,11,0.0
C,29900.0,747.5,7553.0,1,2028,9,27,5167.0
C,27300.0,682.5,6903.0,1,2027,10,16,3058.0
AA,43300.0,1082.5,10903.0,1,2024,11,8,3524.0
BC,23100.0,577.5,5853.0,1,2026,12,24,9962.0
BC,44000.0,1100.0,11078.0,1,2026,8,23,8416.0
RE,51200.0,1280.0,12878.0,1,2024,5,9,6450.0
BQ,36800.0,920.0,9278.0,1,2025,2,10,4418.0
B,25600.0,640.0,6478.0,1,2026,6,6,9055.0
B,27200.0,680.0,6878.0,1,2028,2,19,747.0
AC,28300.0,707.5,7153.0,1,2023,4,17,2879.0
AC,24600.0,615.0,6228.0,1,2023,5,16,4901.0
DA,33500.0,837.5,8453.0,1,2028,10,21,3516.0
A,31200.0,780.0,7878.0,1,2022,10,18,6141.0
RE,46500.0,1162.5,11703.0,1,2022,12,28,5554.0
A,53400.0,1335.0,46495.68,0,2028,10,20,0.0
O,38300.0,957.5,9653.0,1,2024,1,24,10177.0
B,28400.0,710.0,7178.0,1,2024,10,26,15836.0
BB,23400.0,585.0,5928.0,1,2027,9,3,3841.0
O,31400.0,785.0,7928.0,1,2026,3,8,6545.0
A,31500.0,787.5,7953.0,1,2028,2,28,3691.0
AC,29300.0,732.5,7403.0,1,2026,12,19,1994.0
BC,47100.0,1177.5,11853.0,1,2023,7,4,3451.0
B,31400.0,785.0,7928.0,1,2025,10,23,7743.0
BB,50100.0,1252.5,12603.0,1,2025,8,18,7423.0
B,34600.0,865.0,8728.0,1,2025,9,25,5006.0
AA,34800.0,870.0,8778.0,1,2022,4,29,2955.0
AA,39500.0,987.5,34402.68,0,2027,3,17,0.0
RE,41100.0,1027.5,10353.0,1,2028,6,5,4625.0
BC,25900.0,647.5,22570.68,0,2023,6,22,0.0
BQ,45800.0,1145.0,11528.0,1,2024,8,16,1935.0
AC,35500.0,887.5,8953.0,1,2023,3,7,3764.0
C,25100.0,627.5,6353.0,1,2028,6,13,2985.0
AC,49900.0,1247.5,12553.0,1,2022,1,23,6625.0
RE,50200.0,1255.0,12628.0,1,2023,12,18,4385.0
DA,36800.0,920.0,9278.0,1,2027,9,1,6122.0
BQ,47900.0,1197.5,41710.68,0,2022,5,15,0.0
AA,50000.0,1250.0,12578.0,1,2028,6,17,449.0
BB,50600.0,1265.0,12728.0,1,2028,9,9,2347.0
BB,42600.0,1065.0,10728.0,1,2022,7,25,4120.0
BQ,41300.0,1032.5,10403.0,1,2023,9,23,8096.0
B,44300.0,1107.5,11153.0,1,2024,5,24,4083.0
C,27600.0,690.0,6978.0,1,2027,6,14,4111.0
C,26900.0,672.5,6803.0,1,2023,4,25,556.0
RE,25500.0,637.5,6453.0,1,2026,7,21,2762.0
BB,23100.0,577.5,5853.0,1,2028,8,14,4013.0
BQ,46500.0,1162.5,11703.0,1,2027,12,29,714.0
B,24600.0,615.0,6228.0,1,2023,7,22,2107.0
B,23600.0,590.0,5978.0,1,2024,12,9,4254.0
C,35000.0,875.0,8828.0,1,2028,1,11,2139.0
RE,40000.0,1000.0,10078.0,1,2027,8,5,8075.0
BQ,28300.0,707.5,7153.0,1,2026,4,11,5501.0
C,26100.0,652.5,6603.0,1,2023,11,17,6787.0
A,43200.0,1080.0,10878.0,1,2025,2,16,3416.0
AC,52500.0,1312.5,13203.0,1,2027,3,27,6636.0
BC,38000.0,950.0,9578.0,1,2022,10,31,809.0
C,53300.0,1332.5,13403.0,1,2022,12,15,431.0
C,39800.0,995.0,10028.0,1,2027,7,12,435.0
DA,43200.0,1080.0,10878.0,1,2028,11,9,5384.0
BC,33900.0,847.5,8553.0,1,2022,12,12,956.0
O,43300.0,1082.5,10903.0,1,2026,9,7,7888.0
BB,39800.0,995.0,10028.0,1,2024,3,25,3907.0
B,23700.0,592.5,20656.68,0,2023,11,27,0.0
BQ,39300.0,982.5,9903.0,1,2022,11,19,3622.0
BC,44600.0,1115.0,11228.0,1,2028,12,15,6750.0
O,36800.0,920.0,9278.0,1,2023,2,4,740.0
RE,25600.0,640.0,6478.0,1,2025,7,25,2417.0
BQ,46400.0,1160.0,11678.0,1,2025,6,19,5520.0
BC,33800.0,845.0,8528.0,1,2023,1,22,5340.0
AC,24900.0,622.5,6303.0,1,2026,7,17,4631.0
DA,44100.0,1102.5,11103.0,1,2024,4,30,6793.0
BB,46000.0,1150.0,11578.0,1,2028,2,28,640.0
C,44500.0,1112.5,11203.0,1,2023,7,23,3924.0
AA,25400.0,635.0,6428.0,1,2026,10,17,1456.0
O,44700.0,1117.5,11253.0,1,2026,3,4,2652.0
RE,39100.0,977.5,9853.0,1,2023,7,29,6879.0
A,32800.0,820.0,8278.0,1,2022,7,3,861.0
AC,53400.0,1335.0,13428.0,1,2027,1,11,350.0
AC,29100.0,727.5,7353.0,1,2023,7,31,5168.0
BC,27700.0,692.5,7003.0,1,2027,5,19,5605.0
RE,36900.0,922.5,9303.0,1,2024,7,19,3270.0
B,46500.0,1162.5,11703.0,1,2028,7,18,3278.0
BQ,49700.0,1242.5,12503.0,1,2023,5,10,499.0
B,30100.0,752.5,7603.0,1,2026,7,5,2000.0
AC,40500.0,1012.5,10203.0,1,2027,2,20,442.0
B,28900.0,722.5,7303.0,1,2027,12,13,6126.0
AC,50000.0,1250.0,12578.0,1,2027,1,22,4235.0
B,32500.0,812.5,8203.0,1,2028,11,4,3977.0
BB,47600.0,1190.0,11978.0,1,2024,8,29,5691.0
O,27500.0,687.5,6953.0,1,2023,9,5,3266.0
BC,38400.0,960.0,9678.0,1,2024,5,2,561.0
BB,53400.0,1335.0,46495.68,0,2024,12,8,0.0
B,33600.0,840.0,8478.0,1,2027,3,18,7731.0
BQ,39900.0,997.5,10053.0,1,2026,5,28,2943.0
B,46500.0,1162.5,11703.0,1,2022,1,3,6613.0
RE,35700.0,892.5,9003.0,1,2026,11,4,908.0
BQ,39000.0,975.0,9828.0,1,2028,6,7,7916.0
A,22900.0,572.5,5803.0,1,2025,7,5,4427.0
AC,52400.0,1310.0,13178.0,1,2022,6,11,4243.0
B,32500.0,812.5,8203.0,1,2027,9,12,2000.0
BQ,29700.0,742.5,7503.0,1,2022,12,21,8633.0
DA,30800.0,770.0,7778.0,1,2027,11,22,5886.0
BQ,26100.0,652.5,6603.0,1,2023,7,17,481.0
O,29700.0,742.5,7503.0,1,2026,8,14,6853.0
O,52800.0,1320.0,13278.0,1,2022,11,1,968.0
BQ,36500.0,912.5,9203.0,1,2027,2,8,3704.0
O,44400.0,1110.0,11178.0,1,2027,2,15,620.0
RE,30600.0,765.0,7728.0,1,2025,4,10,5014.0
A,50300.0,1257.5,43798.68,0,2022,10,16,0.0
BQ,41600.0,1040.0,10478.0,1,2022,12,22,3715.0
A,28400.0,710.0,7178.0,1,2024,5,19,5747.0
C,38600.0,965.0,9728.0,1,2026,8,5,576.0
BC,24200.0,605.0,6128.0,1,2022,1,28,3938.0
A,47600.0,1190.0,11978.0,1,2027,2,26,4793.0
AC,30800.0,770.0,7778.0,1,2026,2,3,3352.0
BB,48000.0,1200.0,12078.0,1,2023,6,18,409.0
BB,24300.0,607.5,6153.0,1,2025,6,16,2300.0
DA,38600.0,965.0,9728.0,1,2027,1,15,6583.0
BC,51500.0,1287.5,12953.0,1,2025,9,13,279.0
A,47800.0,1195.0,12028.0,1,2024,4,4,648.0
BC,32500.0,812.5,8203.0,1,2026,2,18,6857.0
DA,40400.0,1010.0,10178.0,1,2024,11,28,690.0
RE,41400.0,1035.0,10428.0,1,2026,5,28,4783.0
RE,27400.0,685.0,6928.0,1,2023,11,15,8181.0
BC,27700.0,692.5,7003.0,1,2024,3,6,3784.0
BC,35900.0,897.5,9053.0,1,2023,2,13,6437.0
AA,53000.0,1325.0,13328.0,1,2023,12,20,4322.0
O,23800.0,595.0,6028.0,1,2022,3,26,2666.0
AA,44900.0,1122.5,11303.0,1,2025,7,9,2207.0
O,25800.0,645.0,6528.0,1,2027,5,3,353.0
AA,26100.0,652.5,6603.0,1,2028,5,17,2855.0
BC,45400.0,1135.0,11428.0,1,2025,9,6,6314.0
RE,32900.0,822.5,8303.0,1,2028,6,29,2279.0
BQ,24300.0,607.5,6153.0,1,2023,3,24,2598.0
AA,32400.0,810.0,8178.0,1,2027,11,21,3039.0
AA,46600.0,1165.0,11728.0,1,2022,9,27,3925.0
C,24700.0,617.5,6253.0,1,2027,2,4,440.0
BB,39300.0,982.5,9903.0,1,2024,11,20,9409.0
A,27400.0,685.0,6928.0,1,2024,6,28,2980.0
O,27800.0,695.0,7028.0,1,2026,8,4,603.0
DA,41200.0,1030.0,10378.0,1,2022,7,30,10193.0
A,40900.0,1022.5,10303.0,1,2023,11,3,7445.0
AA,23500.0,587.5,5953.0,1,2024,6,25,3208.0
DA,38200.0,955.0,9628.0,1,2028,9,11,4013.0
BB,25600.0,640.0,6478.0,1,2023,6,15,6056.0
DA,43300.0,1082.5,10903.0,1,2022,8,9,677.0
AA,26600.0,665.0,6728.0,1,2022,5,21,791.0
AA,43500.0,1087.5,10953.0,1,2026,10,27,4530.0
BQ,46700.0,1167.5,11753.0,1,2026,9,13,5800.0
BC,40900.0,1022.5,10303.0,1,2024,10,9,5490.0
RE,26600.0,665.0,6728.0,1,2028,5,11,3180.0
C,33200.0,830.0,8378.0,1,2028,7,4,2701.0
BQ,32100.0,802.5,8103.0,1,2022,8,16,1060.0
RE,37700.0,942.5,9503.0,1,2026,3,12,6971.0
O,27700.0,692.5,7003.0,1,2027,12,10,4766.0
RE,27500.0,687.5,6953.0,1,2026,10,31,9249.0
BQ,48900.0,1222.5,12303.0,1,2025,3,19,8813.0
BC,30800.0,770.0,7778.0,1,2024,3,14,5710.0
BQ,24500.0,612.5,6203.0,1,2023,12,3,740.0
O,47200.0,1180.0,41101.68,0,2024,3,7,0.0
B,33000.0,825.0,8328.0,1,2026,11,2,6790.0
BC,29200.0,730.0,7378.0,1,2024,6,14,5924.0
C,45000.0,1125.0,11328.0,1,2025,6,13,578.0
BQ,53500.0,1337.5,13453.0,1,2024,8,24,6542.0
B,30100.0,752.5,7603.0,1,2022,8,8,4455.0
DA,41000.0,1025.0,10328.0,1,2027,7,10,8707.0
C,24400.0,610.0,21265.68,0,2028,7,20,0.0
A,38700.0,967.5,9753.0,1,2022,8,13,6692.0
O,39000.0,975.0,9828.0,1,2027,8,19,1883.0
BC,30500.0,762.5,7703.0,1,2026,7,5,4803.0
AC,51300.0,1282.5,12903.0,1,2023,6,8,1058.0
A,35900.0,897.5,9053.0,1,2028,5,1,7005.0
BC,38800.0,970.0,9778.0,1,2028,7,13,5948.0
DA,25300.0,632.5,6403.0,1,2026,3,30,3777.0
AA,45100.0,1127.5,11353.0,1,2026,6,29,8395.0
A,41100.0,1027.5,10353.0,1,2025,7,18,5071.0
AA,41900.0,1047.5,10553.0,1,2023,1,23,1291.0
AA,45100.0,1127.5,11353.0,1,2026,11,29,7191.0
C,48000.0,1200.0,12078.0,1,2026,2,22,5111.0
C,31400.0,785.0,7928.0,1,2027,1,10,5000.0
A,26600.0,665.0,6728.0,1,2024,5,11,6441.0
B,29400.0,735.0,7428.0,1,2022,12,15,626.0
AA,38400.0,960.0,9678.0,1,2022,8,18,6757.0
DA,35700.0,892.5,9003.0,1,2022,11,10,6887.0
AC,37600.0,940.0,9478.0,1,2027,6,11,4442.0
O,51700.0,1292.5,13003.0,1,2023,4,25,269.0
C,31100.0,777.5,7853.0,1,2023,1,20,4409.0
BQ,40000.0,1000.0,10078.0,1,2028,4,20,5181.0
BC,52500.0,1312.5,45712.68,0,2023,11,23,0.0
BQ,42700.0,1067.5,10753.0,1,2027,5,30,3792.0
RE,45000.0,1125.0,11328.0,1,2024,11,26,5425.0
DA,37200.0,930.0,9378.0,1,2023,4,25,3558.0
O,34800.0,870.0,8778.0,1,2022,6,1,3096.0
AC,26200.0,655.0,6628.0,1,2023,1,28,5185.0
DA,34800.0,870.0,8778.0,1,2024,12,31,4431.0
B,22600.0,565.0,5728.0,1,2021,11,27,4970.0
BQ,44300.0,1107.5,11153.0,1,2024,3,21,1997.0
O,24600.0,615.0,6228.0,1,2027,6,3,2984.0
DA,34300.0,857.5,8653.0,1,2023,4,20,3979.0
A,42600.0,1065.0,10728.0,1,2028,8,22,7219.0
AA,32500.0,812.5,8203.0,1,2028,12,13,8943.0
AA,50500.0,1262.5,12703.0,1,2027,7,21,5646.0
BB,53000.0,1325.0,13328.0,1,2028,1,26,325.0
O,26000.0,650.0,6578.0,1,2027,8,22,5330.0
C,38500.0,962.5,9703.0,1,2026,12,11,2512.0
RE,49600.0,1240.0,12478.0,1,2028,12,26,4487.0
BB,26500.0,662.5,6703.0,1,2022,10,5,7759.0
C,25400.0,635.0,6428.0,1,2024,2,21,768.0
B,29300.0,732.5,7403.0,1,2027,8,24,6352.0
B,22600.0,565.0,5728.0,1,2027,6,27,647.0
C,35000.0,875.0,8828.0,1,2026,8,18,600.0
BB,36600.0,915.0,31879.68,0,2022,7,2,0.0
C,33900.0,847.5,8553.0,1,2027,7,23,4313.0
B,28000.0,700.0,7078.0,1,2027,12,17,3509.0
BQ,46700.0,1167.5,11753.0,1,2023,3,31,3589.0
A,41700.0,1042.5,10503.0,1,2026,7,10,4353.0
BC,23900.0,597.5,6053.0,1,2028,6,5,533.0
B,28400.0,710.0,7178.0,1,2021,11,10,4836.0
BC,30900.0,772.5,7803.0,1,2023,1,28,644.0
O,29700.0,742.5,7503.0,1,2027,6,17,3528.0
AA,26200.0,655.0,6628.0,1,2027,1,25,10524.0
RE,40200.0,1005.0,10128.0,1,2028,6,13,4273.0
O,27400.0,685.0,6928.0,1,2022,2,22,3302.0
B,32800.0,820.0,8278.0,1,2026,1,13,4481.0
BQ,43700.0,1092.5,11003.0,1,2026,10,5,10291.0
BC,30400.0,760.0,7678.0,1,2028,7,28,3178.0
C,31000.0,775.0,7828.0,1,2028,5,29,9131.0
BC,29800.0,745.0,7528.0,1,2021,11,11,550.0
O,46400.0,1160.0,11678.0,1,2026,9,16,382.0
DA,24900.0,622.5,6303.0,1,2026,9,18,3875.0
AC,44100.0,1102.5,11103.0,1,2022,1,4,3487.0
BB,34100.0,852.5,8603.0,1,2024,4,1,2084.0
BB,43700.0,1092.5,11003.0,1,2024,2,22,4506.0
BQ,29000.0,725.0,7328.0,1,2026,3,25,9942.0
A,34100.0,852.5,8603.0,1,2026,11,22,424.0
C,39000.0,975.0,9828.0,1,2027,7,21,417.0
AA,53000.0,1325.0,13328.0,1,2023,4,12,6558.0
AC,44000.0,1100.0,11078.0,1,2021,12,30,220.0
A,28700.0,717.5,7253.0,1,2022,10,13,7833.0
BQ,50500.0,1262.5,12703.0,1,2022,6,1,6908.0
AA,23000.0,575.0,5828.0,1,2025,10,5,8330.0
BC,25400.0,635.0,6428.0,1,2026,10,12,5647.0
A,37300.0,932.5,32488.68,0,2027,5,3,0.0
BC,39200.0,980.0,9878.0,1,2024,1,15,8210.0
C,23900.0,597.5,6053.0,1,2022,5,2,660.0
RE,43600.0,1090.0,10978.0,1,2022,5,14,731.0
AC,42600.0,1065.0,10728.0,1,2028,4,26,790.0
O,33400.0,835.0,8428.0,1,2024,12,16,941.0
BB,37700.0,942.5,9503.0,1,2022,12,24,7032.0
AA,28800.0,720.0,7278.0,1,2023,9,2,781.0
AA,40300.0,1007.5,10153.0,1,2021,11,16,4728.0
BC,48400.0,1210.0,12178.0,1,2028,4,16,5976.0
AC,28800.0,720.0,7278.0,1,2025,10,17,100.0
C,31200.0,780.0,7878.0,1,2021,12,3,2793.0
BB,52600.0,1315.0,13228.0,1,2028,11,23,3293.0
C,29800.0,745.0,7528.0,1,2026,12,27,3580.0
C,48200.0,1205.0,12128.0,1,2025,6,2,3343.0
O,38900.0,972.5,9803.0,1,2028,4,29,4171.0
A,36000.0,900.0,9078.0,1,2027,3,8,8503.0
DA,40400.0,1010.0,10178.0,1,2021,11,21,1208.0
AC,38200.0,955.0,9628.0,1,2022,11,18,3453.0
A,44700.0,1117.5,11253.0,1,2028,5,17,3169.0
AC,27200.0,680.0,6878.0,1,2024,3,19,5463.0
BQ,35100.0,877.5,8853.0,1,2028,10,21,3222.0
RE,29600.0,740.0,7478.0,1,2022,4,7,3607.0
A,25300.0,632.5,6403.0,1,2025,5,28,6945.0
O,23800.0,595.0,6028.0,1,2026,10,2,827.0
B,49400.0,1235.0,12428.0,1,2025,9,7,3218.0
BC,53500.0,1337.5,13453.0,1,2023,8,27,6274.0
RE,44900.0,1122.5,11303.0,1,2021,11,12,4043.0
A,36900.0,922.5,9303.0,1,2028,10,10,6268.0
BC,52800.0,1320.0,13278.0,1,2024,5,19,5515.0
DA,48500.0,1212.5,12203.0,1,2021,11,14,9073.0
AA,49700.0,1242.5,12503.0,1,2022,3,2,679.0
A,37600.0,940.0,32749.68,0,2023,5,28,0.0
AC,52900.0,1322.5,13303.0,1,2028,4,22,7861.0
AC,52900.0,1322.5,13303.0,1,2027,10,26,10302.0
AA,47300.0,1182.5,11903.0,1,2028,8,22,4048.0
B,29000.0,725.0,7328.0,1,2022,2,5,285.0
AC,42300.0,1057.5,10653.0,1,2024,5,4,361.0
DA,42900.0,1072.5,10803.0,1,2027,10,10,5829.0
C,34100.0,852.5,8603.0,1,2024,9,7,8788.0
A,40200.0,1005.0,10128.0,1,2022,11,15,3957.0
BQ,34400.0,860.0,8678.0,1,2023,6,23,2178.0
AA,23100.0,577.5,5853.0,1,2023,2,18,1391.0
BQ,24000.0,600.0,6078.0,1,2023,10,26,2706.0
BC,53500.0,1337.5,13453.0,1,2024,6,20,4701.0
DA,25600.0,640.0,6478.0,1,2026,7,3,4850.0
BB,31100.0,777.5,7853.0,1,2023,1,16,8304.0
BQ,31200.0,780.0,27181.68,0,2022,10,2,0.0
C,39800.0,995.0,10028.0,1,2022,1,8,7655.0
B,40300.0,1007.5,10153.0,1,2022,4,22,5884.0
A,52300.0,1307.5,13153.0,1,2026,5,2,473.0
A,50400.0,1260.0,12678.0,1,2028,9,11,1648.0
C,35400.0,885.0,8928.0,1,2022,10,6,3584.0
B,29400.0,735.0,7428.0,1,2025,2,6,3917.0
BQ,26800.0,670.0,6778.0,1,2026,4,25,5543.0
BC,32400.0,810.0,8178.0,1,2028,9,28,425.0
A,40900.0,1022.5,10303.0,1,2028,12,29,7010.0
O,46000.0,1150.0,40057.68,0,2023,7,7,0.0
AC,35000.0,875.0,8828.0,1,2027,6,6,536.0
BC,35000.0,875.0,8828.0,1,2026,7,19,4172.0
BQ,37200.0,930.0,9378.0,1,2025,6,16,5310.0
O,36900.0,922.5,9303.0,1,2024,12,3,674.0
BC,30200.0,755.0,7628.0,1,2022,2,24,729.0
RE,38800.0,970.0,9778.0,1,2026,12,11,6304.0
A,47100.0,1177.5,11853.0,1,2023,1,23,4839.0
BQ,31000.0,775.0,7828.0,1,2026,4,2,4072.0
AA,33600.0,840.0,8478.0,1,2027,2,6,7297.0
BB,23400.0,585.0,5928.0,1,2023,6,21,3918.0
AA,27400.0,685.0,6928.0,1,2027,9,14,4195.0
BC,29100.0,727.5,7353.0,1,2022,12,5,8307.0
DA,32700.0,817.5,28486.68,0,2025,9,23,0.0
AA,40200.0,1005.0,10128.0,1,2022,1,4,2941.0
AA,44500.0,1112.5,11203.0,1,2025,2,10,1181.0
AC,24900.0,622.5,6303.0,1,2023,1,1,6404.0
C,52800.0,1320.0,13278.0,1,2027,9,21,480.0
A,28800.0,720.0,7278.0,1,2022,4,20,3663.0
A,45400.0,1135.0,39535.68,0,2025,8,11,0.0
BQ,30400.0,760.0,7678.0,1,2028,6,21,3377.0
AC,43300.0,1082.5,10903.0,1,2024,4,14,5491.0
BC,43600.0,1090.0,10978.0,1,2023,7,9,4711.0
BC,43700.0,1092.5,11003.0,1,2025,7,6,3925.0
AC,24500.0,612.5,6203.0,1,2028,4,6,3350.0
A,47700.0,1192.5,12003.0,1,2022,2,14,6733.0
DA,31000.0,775.0,7828.0,1,2027,5,25,741.0
DA,31900.0,797.5,8053.0,1,2027,11,3,3218.0
BB,35100.0,877.5,8853.0,1,2025,7,25,839.0
DA,50400.0,1260.0,12678.0,1,2028,5,15,9097.0
DA,33600.0,840.0,29269.68,0,2028,6,16,0.0
C,40100.0,1002.5,10103.0,1,2026,4,28,7480.0
AC,41600.0,1040.0,10478.0,1,2023,4,4,7314.0
BB,39600.0,990.0,9978.0,1,2028,5,14,597.0
DA,26800.0,670.0,6778.0,1,2027,10,27,4973.0
C,31400.0,785.0,7928.0,1,2022,12,17,5091.0
AA,25200.0,630.0,6378.0,1,2024,10,25,7642.0
BB,38600.0,965.0,9728.0,1,2027,4,25,105.0
DA,34700.0,867.5,8753.0,1,2027,12,8,6981.0
B,44500.0,1112.5,11203.0,1,2023,11,16,5783.0
B,32500.0,812.5,8203.0,1,2025,9,17,4364.0
C,30700.0,767.5,7753.0,1,2021,11,15,2679.0
C,45300.0,1132.5,39448.68,0,2024,11,19,0.0
A,49500.0,1237.5,12453.0,1,2022,6,30,8941.0
BC,31000.0,775.0,7828.0,1,2025,11,9,6630.0
AC,34800.0,870.0,8778.0,1,2023,7,9,4683.0
BB,51600.0,1290.0,12978.0,1,2028,8,7,4523.0
DA,46100.0,1152.5,11603.0,1,2025,10,10,7277.0
C,22600.0,565.0,5728.0,1,2028,9,17,4166.0
C,48500.0,1212.5,42232.68,0,2023,2,23,0.0
RE,48600.0,1215.0,12228.0,1,2025,7,16,6204.0
B,36600.0,915.0,9228.0,1,2026,9,27,5154.0
BQ,53300.0,1332.5,13403.0,1,2027,10,15,3571.0
BQ,43400.0,1085.0,10928.0,1,2028,3,4,475.0
AC,26900.0,672.5,6803.0,1,2028,2,21,5264.0
B,53000.0,1325.0,13328.0,1,2022,7,2,531.0
RE,41200.0,1030.0,10378.0,1,2025,5,27,5716.0
DA,37400.0,935.0,9428.0,1,2027,7,31,5598.0
C,45800.0,1145.0,11528.0,1,2028,7,28,826.0
AA,31500.0,787.5,7953.0,1,2023,4,13,5946.0
C,51800.0,1295.0,13028.0,1,2022,1,16,5775.0
C,44000.0,1100.0,11078.0,1,2024,11,7,5539.0
BB,27300.0,682.5,6903.0,1,2027,1,19,1696.0
O,29000.0,725.0,7328.0,1,2024,6,16,4118.0
AA,34900.0,872.5,8803.0,1,2026,9,24,3850.0
O,23000.0,575.0,5828.0,1,2024,5,29,3000.0
A,30600.0,765.0,7728.0,1,2027,3,17,2851.0
C,36400.0,910.0,9178.0,1,2024,7,4,5604.0
AA,32500.0,812.5,8203.0,1,2022,3,3,59844.0
A,41900.0,1047.5,10553.0,1,2026,10,18,3947.0
DA,26800.0,670.0,6778.0,1,2026,10,30,5394.0
O,53100.0,1327.5,13353.0,1,2028,11,13,2832.0
A,42800.0,1070.0,10778.0,1,2026,12,16,8450.0
RE,47400.0,1185.0,11928.0,1,2022,2,27,694.0
BQ,50200.0,1255.0,12628.0,1,2023,2,9,2883.0
O,49300.0,1232.5,12403.0,1,2024,12,21,6656.0
O,30000.0,750.0,7578.0,1,2027,9,26,3993.0
B,32200.0,805.0,8128.0,1,2028,12,28,657.0
AA,41800.0,1045.0,10528.0,1,2025,1,18,5754.0
B,52400.0,1310.0,13178.0,1,2022,4,4,859.0
C,46800.0,1170.0,11778.0,1,2027,5,24,3422.0
B,28700.0,717.5,25006.68,0,2025,2,9,0.0
AA,40800.0,1020.0,35533.68,0,2027,5,22,0.0
C,25200.0,630.0,6378.0,1,2027,7,6,1263.0
AA,29000.0,725.0,7328.0,1,2024,11,8,2762.0
C,40100.0,1002.5,10103.0,1,2026,9,4,3553.0
DA,32200.0,805.0,8128.0,1,2023,8,21,3049.0
B,31600.0,790.0,7978.0,1,2025,3,23,2793.0
BB,36800.0,920.0,9278.0,1,2024,8,31,3135.0
B,36000.0,900.0,9078.0,1,2027,7,26,5423.0
BB,38800.0,970.0,9778.0,1,2024,1,10,2535.0
C,30400.0,760.0,7678.0,1,2028,10,25,4242.0
BB,31200.0,780.0,7878.0,1,2024,10,12,3931.0
BB,43700.0,1092.5,38056.68,0,2026,10,10,0.0
BC,49600.0,1240.0,43189.68,0,2026,3,29,0.0
O,23200.0,580.0,5878.0,1,2028,4,17,8636.0
BC,45300.0,1132.5,39448.68,0,2028,1,11,0.0
C,30600.0,765.0,7728.0,1,2024,6,24,668.0
B,50000.0,1250.0,12578.0,1,2024,10,25,6420.0
O,23500.0,587.5,5953.0,1,2021,11,27,324.0
BQ,42600.0,1065.0,10728.0,1,2026,4,3,3020.0
BQ,31100.0,777.5,7853.0,1,2027,11,8,2337.0
BB,29700.0,742.5,7503.0,1,2025,8,14,2523.0
AA,24400.0,610.0,6178.0,1,2027,8,31,6448.0
C,39100.0,977.5,9853.0,1,2022,9,28,701.0
AC,38700.0,967.5,9753.0,1,2025,3,2,4931.0
A,53500.0,1337.5,13453.0,1,2022,9,20,2926.0
BC,48400.0,1210.0,12178.0,1,2022,12,19,567.0
B,23800.0,595.0,6028.0,1,2025,10,22,6166.0
RE,50200.0,1255.0,12628.0,1,2028,2,24,2788.0
DA,41900.0,1047.5,10553.0,1,2027,8,3,6675.0
BQ,38500.0,962.5,9703.0,1,2025,12,16,4058.0
DA,31100.0,777.5,7853.0,1,2025,12,1,5485.0
BB,38900.0,972.5,9803.0,1,2028,7,8,2993.0
O,39500.0,987.5,9953.0,1,2022,5,14,5591.0
C,37200.0,930.0,9378.0,1,2026,11,19,3467.0
A,37800.0,945.0,9528.0,1,2025,10,27,6146.0
O,32300.0,807.5,8153.0,1,2027,9,16,5146.0
DA,28600.0,715.0,7228.0,1,2022,4,5,2452.0
C,47200.0,1180.0,11878.0,1,2026,1,26,5051.0
A,32700.0,817.5,28486.68,0,2026,5,30,0.0
DA,44200.0,1105.0,11128.0,1,2025,5,25,6910.0
AC,51700.0,1292.5,13003.0,1,2024,7,26,3155.0
C,34300.0,857.5,8653.0,1,2022,1,21,4672.0
A,32400.0,810.0,8178.0,1,2026,10,12,430.0
BQ,31100.0,777.5,7853.0,1,2022,1,6,6549.0
C,25500.0,637.5,6453.0,1,2027,6,14,3111.0
BC,49700.0,1242.5,12503.0,1,2025,4,8,1222.0
B,39900.0,997.5,10053.0,1,2028,6,25,5177.0
AA,47000.0,1175.0,11828.0,1,2026,1,27,6525.0
RE,24600.0,615.0,6228.0,1,2025,11,27,738.0
BC,31500.0,787.5,7953.0,1,2023,3,9,487.0
RE,34900.0,872.5,8803.0,1,2025,10,16,4906.0
AA,27100.0,677.5,6853.0,1,2022,11,1,3070.0
RE,45200.0,1130.0,11378.0,1,2025,6,7,7440.0
AC,26100.0,652.5,6603.0,1,2028,1,6,621.0
AC,51500.0,1287.5,12953.0,1,2022,1,7,4058.0
DA,52300.0,1307.5,13153.0,1,2025,2,17,4565.0
BQ,41500.0,1037.5,10453.0,1,2023,12,30,3363.0
AA,31400.0,785.0,7928.0,1,2022,11,25,5336.0
A,33200.0,830.0,8378.0,1,2022,10,10,8734.0
